<?xml version="1.0" encoding="utf-8"?>
<RegistrySettings clsid="{A3CCFC41-DFDB-43a5-8D26-0FE8B954DA51}"><Registry clsid="{9CD4B2F4-923D-47f5-A062-E897DD1DAD50}" name="HideFirstRunExperience" status="HideFirstRunExperience" image="12" changed="2022-09-21 07:21:17" uid="{03B0AD55-CE5D-463D-B825-080075B51FDD}"><Properties action="U" displayDecimal="1" default="0" hive="HKEY_LOCAL_MACHINE" key="SOFTWARE\Policies\Microsoft\Edge" name="HideFirstRunExperience" type="REG_DWORD" value="00000001"/></Registry>
	<Registry clsid="{9CD4B2F4-923D-47f5-A062-E897DD1DAD50}" name="SyncDisabled" status="SyncDisabled" image="12" changed="2022-09-21 07:22:10" uid="{25C764D5-95A9-4B2C-BAF0-0D1145C4958A}"><Properties action="U" displayDecimal="1" default="0" hive="HKEY_LOCAL_MACHINE" key="SOFTWARE\Policies\Microsoft\Edge" name="SyncDisabled" type="REG_DWORD" value="00000001"/></Registry>
	<Registry clsid="{9CD4B2F4-923D-47f5-A062-E897DD1DAD50}" name="SyncDisabled" status="SyncDisabled" image="12" changed="2022-09-21 07:26:45" uid="{C035F2D5-6C02-4C0A-AAA1-8D3AF24DE734}"><Properties action="U" displayDecimal="1" default="0" hive="HKEY_LOCAL_MACHINE" key="SOFTWARE\Policies\Microsoft\Edge\Recommended" name="SyncDisabled" type="REG_DWORD" value="00000001"/></Registry>
	<Registry clsid="{9CD4B2F4-923D-47f5-A062-E897DD1DAD50}" name="HideInternetExplorerRedirectUXForIncompatibleSitesEnabled" status="HideInternetExplorerRedirectUXForIncompatibleSitesEnabled" image="12" changed="2022-09-21 07:23:31" uid="{56521649-B694-49C0-907D-CD8F0A7FA070}"><Properties action="U" displayDecimal="0" default="0" hive="HKEY_LOCAL_MACHINE" key="SOFTWARE\Policies\Microsoft\Edge" name="HideInternetExplorerRedirectUXForIncompatibleSitesEnabled" type="REG_DWORD" value="00000001"/></Registry>
	<Registry clsid="{9CD4B2F4-923D-47f5-A062-E897DD1DAD50}" name="HideRestoreDialogEnabled" status="HideRestoreDialogEnabled" image="7" changed="2022-09-21 07:24:13" uid="{1EA000DD-2068-42F0-A0E9-EA1D66336C3E}"><Properties action="U" displayDecimal="0" default="0" hive="HKEY_LOCAL_MACHINE" key="SOFTWARE\Policies\Microsoft\Edge" name="HideRestoreDialogEnabled" type="REG_SZ" value=""/></Registry>
	<Registry clsid="{9CD4B2F4-923D-47f5-A062-E897DD1DAD50}" name="DefaultSearchProviderEnabled" status="DefaultSearchProviderEnabled" image="12" changed="2022-09-21 07:26:35" uid="{982B069E-677B-48DE-93D6-286DAC2A4FFB}"><Properties action="U" displayDecimal="1" default="0" hive="HKEY_LOCAL_MACHINE" key="SOFTWARE\Policies\Microsoft\Edge" name="DefaultSearchProviderEnabled" type="REG_DWORD" value="00000000"/></Registry>
	<Registry clsid="{9CD4B2F4-923D-47f5-A062-E897DD1DAD50}" name="NewTabPageContentEnabled" status="NewTabPageContentEnabled" image="12" changed="2022-09-21 07:28:52" uid="{B94979FC-2FBB-4039-B4A5-7FFECC11AC3D}"><Properties action="U" displayDecimal="1" default="0" hive="HKEY_LOCAL_MACHINE" key="SOFTWARE\Policies\Microsoft\Edge" name="NewTabPageContentEnabled" type="REG_DWORD" value="00000000"/></Registry>
	<Registry clsid="{9CD4B2F4-923D-47f5-A062-E897DD1DAD50}" name="NewTabPageHideDefaultTopSites" status="NewTabPageHideDefaultTopSites" image="12" changed="2022-09-21 07:29:30" uid="{CDC26F4E-ED5A-4018-BFC8-71E0F3F72A9A}"><Properties action="U" displayDecimal="1" default="0" hive="HKEY_LOCAL_MACHINE" key="SOFTWARE\Policies\Microsoft\Edge" name="NewTabPageHideDefaultTopSites" type="REG_DWORD" value="00000001"/></Registry>
	<Registry clsid="{9CD4B2F4-923D-47f5-A062-E897DD1DAD50}" name="NewTabPagePrerenderEnabled" status="NewTabPagePrerenderEnabled" image="12" changed="2022-09-21 07:30:08" uid="{8E9A9509-92B0-4F45-B7FB-F56F7D253118}"><Properties action="U" displayDecimal="1" default="0" hive="HKEY_LOCAL_MACHINE" key="SOFTWARE\Policies\Microsoft\Edge" name="NewTabPagePrerenderEnabled" type="REG_DWORD" value="00000000"/></Registry>
	<Registry clsid="{9CD4B2F4-923D-47f5-A062-E897DD1DAD50}" name="NewTabPageLocation" status="NewTabPageLocation" image="7" changed="2022-09-21 07:31:13" uid="{AC333C90-726C-4D2C-B750-95A1676940F1}"><Properties action="U" displayDecimal="0" default="0" hive="HKEY_LOCAL_MACHINE" key="SOFTWARE\Policies\Microsoft\Edge" name="NewTabPageLocation" type="REG_SZ" value="about:blank"/></Registry>
</RegistrySettings>
