<BackupInst xmlns="http://www.microsoft.com/GroupPolicy/GPOOperations/Manifest"><GPOGuid><![CDATA[{328147BB-4736-4347-9859-423B1A4BDD27}]]></GPOGuid><GPODomain><![CDATA[doazlab.com]]></GPODomain><GPODomainGuid><![CDATA[{c3f3d3e9-c0c4-442a-8f9b-c33eed1e3919}]]></GPODomainGuid><GPODomainController><![CDATA[DC01.doazlab.com]]></GPODomainController><BackupTime><![CDATA[2022-09-21T07:53:54]]></BackupTime><ID><![CDATA[{62A9BB3B-42FB-4DF3-8EE2-EE3576C5A0BD}]]></ID><Comment><![CDATA[]]></Comment><GPODisplayName><![CDATA[doaz-labsettings]]></GPODisplayName></BackupInst>
